,model,num_cores,WER,sample_id,engine,run_id,time,text_len,audio_len
0,QuartzNet15x5Base-En,?,0.06060606060606061,116-288045-0000,NeMo,1,0.5229068560001906,182,10.65
1,QuartzNet15x5Base-En,?,0.06060606060606061,116-288045-0000,NeMo,2,0.4240707960000236,182,10.65
2,QuartzNet15x5Base-En,?,0.06060606060606061,116-288045-0000,NeMo,3,0.45867987600013294,182,10.65
3,QuartzNet15x5Base-En,?,0.06060606060606061,116-288045-0000,NeMo,4,0.4106666730001507,182,10.65
4,QuartzNet15x5Base-En,?,0.06060606060606061,116-288045-0000,NeMo,5,0.41127696500007005,182,10.65
5,QuartzNet15x5Base-En,?,0.0,116-288045-0001,NeMo,1,0.34330921699984174,115,8.635
6,QuartzNet15x5Base-En,?,0.0,116-288045-0001,NeMo,2,0.24786490299993602,115,8.635
7,QuartzNet15x5Base-En,?,0.0,116-288045-0001,NeMo,3,0.20601208800007953,115,8.635
8,QuartzNet15x5Base-En,?,0.0,116-288045-0001,NeMo,4,0.2074581300000773,115,8.635
9,QuartzNet15x5Base-En,?,0.0,116-288045-0001,NeMo,5,0.2649908839998716,115,8.635
10,QuartzNet15x5Base-En,?,0.0,116-288045-0002,NeMo,1,0.4188980479998463,142,9.625
11,QuartzNet15x5Base-En,?,0.0,116-288045-0002,NeMo,2,0.3300495050000336,142,9.625
12,QuartzNet15x5Base-En,?,0.0,116-288045-0002,NeMo,3,0.22529840200013496,142,9.625
13,QuartzNet15x5Base-En,?,0.0,116-288045-0002,NeMo,4,0.2125277410000308,142,9.625
14,QuartzNet15x5Base-En,?,0.0,116-288045-0002,NeMo,5,0.29073798100012027,142,9.625
15,QuartzNet15x5Base-En,?,0.2,116-288045-0003,NeMo,1,0.163454283999954,54,3.66
16,QuartzNet15x5Base-En,?,0.2,116-288045-0003,NeMo,2,0.14164109000012104,54,3.66
17,QuartzNet15x5Base-En,?,0.2,116-288045-0003,NeMo,3,0.13086031900002126,54,3.66
18,QuartzNet15x5Base-En,?,0.2,116-288045-0003,NeMo,4,0.14754993600013222,54,3.66
19,QuartzNet15x5Base-En,?,0.2,116-288045-0003,NeMo,5,0.14656938400003128,54,3.66
20,QuartzNet15x5Base-En,?,0.0,116-288045-0004,NeMo,1,0.15757708599994658,62,3.72
21,QuartzNet15x5Base-En,?,0.0,116-288045-0004,NeMo,2,0.14552643299998635,62,3.72
22,QuartzNet15x5Base-En,?,0.0,116-288045-0004,NeMo,3,0.1290653129999555,62,3.72
23,QuartzNet15x5Base-En,?,0.0,116-288045-0004,NeMo,4,0.12137360699989586,62,3.72
24,QuartzNet15x5Base-En,?,0.0,116-288045-0004,NeMo,5,0.15031498899998041,62,3.72
25,QuartzNet15x5Base-En,?,0.0,116-288045-0005,NeMo,1,0.1920914970000922,52,4.995
26,QuartzNet15x5Base-En,?,0.0,116-288045-0005,NeMo,2,0.20722215599994342,52,4.995
27,QuartzNet15x5Base-En,?,0.0,116-288045-0005,NeMo,3,0.18705077200002052,52,4.995
28,QuartzNet15x5Base-En,?,0.0,116-288045-0005,NeMo,4,0.2582060800000363,52,4.995
29,QuartzNet15x5Base-En,?,0.0,116-288045-0005,NeMo,5,0.3301937319999979,52,4.995
30,QuartzNet15x5Base-En,?,0.0,116-288045-0006,NeMo,1,0.12076846800005114,38,3.525
31,QuartzNet15x5Base-En,?,0.0,116-288045-0006,NeMo,2,0.11009149699998488,38,3.525
32,QuartzNet15x5Base-En,?,0.0,116-288045-0006,NeMo,3,0.1107223609999437,38,3.525
33,QuartzNet15x5Base-En,?,0.0,116-288045-0006,NeMo,4,0.14219642100010788,38,3.525
34,QuartzNet15x5Base-En,?,0.0,116-288045-0006,NeMo,5,0.16124894700010373,38,3.525
35,QuartzNet15x5Base-En,?,0.42857142857142855,116-288045-0007,NeMo,1,0.2091511690000516,40,2.67
36,QuartzNet15x5Base-En,?,0.42857142857142855,116-288045-0007,NeMo,2,0.18635300000005373,40,2.67
37,QuartzNet15x5Base-En,?,0.42857142857142855,116-288045-0007,NeMo,3,0.20369248700012577,40,2.67
38,QuartzNet15x5Base-En,?,0.42857142857142855,116-288045-0007,NeMo,4,0.10377874400001019,40,2.67
39,QuartzNet15x5Base-En,?,0.42857142857142855,116-288045-0007,NeMo,5,0.10958124199987651,40,2.67
40,QuartzNet15x5Base-En,?,0.07142857142857142,116-288045-0008,NeMo,1,0.283147955000004,76,5.165
41,QuartzNet15x5Base-En,?,0.07142857142857142,116-288045-0008,NeMo,2,0.25315119599986247,76,5.165
42,QuartzNet15x5Base-En,?,0.07142857142857142,116-288045-0008,NeMo,3,0.33045886400009294,76,5.165
43,QuartzNet15x5Base-En,?,0.07142857142857142,116-288045-0008,NeMo,4,0.33564673000000766,76,5.165
44,QuartzNet15x5Base-En,?,0.07142857142857142,116-288045-0008,NeMo,5,0.2581080009999823,76,5.165
45,QuartzNet15x5Base-En,?,0.0,116-288045-0009,NeMo,1,0.5989981210000224,25,3.07
46,QuartzNet15x5Base-En,?,0.0,116-288045-0009,NeMo,2,0.18770643400011977,25,3.07
47,QuartzNet15x5Base-En,?,0.0,116-288045-0009,NeMo,3,0.1763429200000246,25,3.07
48,QuartzNet15x5Base-En,?,0.0,116-288045-0009,NeMo,4,0.20119162899982257,25,3.07
49,QuartzNet15x5Base-En,?,0.0,116-288045-0009,NeMo,5,0.20618786300019565,25,3.07
50,QuartzNet15x5Base-En,?,0.0,116-288045-0010,NeMo,1,0.2641933780000727,34,3.365
51,QuartzNet15x5Base-En,?,0.0,116-288045-0010,NeMo,2,0.19968525799981762,34,3.365
52,QuartzNet15x5Base-En,?,0.0,116-288045-0010,NeMo,3,0.1629365000001144,34,3.365
53,QuartzNet15x5Base-En,?,0.0,116-288045-0010,NeMo,4,0.16274235300011242,34,3.365
54,QuartzNet15x5Base-En,?,0.0,116-288045-0010,NeMo,5,0.17229721499984407,34,3.365
55,QuartzNet15x5Base-En,?,0.05,116-288045-0011,NeMo,1,0.4886503420000281,102,9.11
56,QuartzNet15x5Base-En,?,0.05,116-288045-0011,NeMo,2,0.47849560100007693,102,9.11
57,QuartzNet15x5Base-En,?,0.05,116-288045-0011,NeMo,3,0.4135684290001791,102,9.11
58,QuartzNet15x5Base-En,?,0.05,116-288045-0011,NeMo,4,0.4387907760001326,102,9.11
59,QuartzNet15x5Base-En,?,0.05,116-288045-0011,NeMo,5,0.4018420359998345,102,9.11
60,QuartzNet15x5Base-En,?,0.09090909090909091,116-288045-0012,NeMo,1,0.240023489999885,57,4.895
61,QuartzNet15x5Base-En,?,0.09090909090909091,116-288045-0012,NeMo,2,0.1739642410000215,57,4.895
62,QuartzNet15x5Base-En,?,0.09090909090909091,116-288045-0012,NeMo,3,0.1516394750001382,57,4.895
63,QuartzNet15x5Base-En,?,0.09090909090909091,116-288045-0012,NeMo,4,0.15639894800006005,57,4.895
64,QuartzNet15x5Base-En,?,0.09090909090909091,116-288045-0012,NeMo,5,0.1501200739999149,57,4.895
65,QuartzNet15x5Base-En,?,0.0,116-288045-0013,NeMo,1,0.20227850300011596,68,4.895
66,QuartzNet15x5Base-En,?,0.0,116-288045-0013,NeMo,2,0.2528940480001438,68,4.895
67,QuartzNet15x5Base-En,?,0.0,116-288045-0013,NeMo,3,0.3026140510000914,68,4.895
68,QuartzNet15x5Base-En,?,0.0,116-288045-0013,NeMo,4,0.24198695099994438,68,4.895
69,QuartzNet15x5Base-En,?,0.0,116-288045-0013,NeMo,5,0.22361831499983964,68,4.895
70,QuartzNet15x5Base-En,?,0.0,116-288045-0014,NeMo,1,0.12205881700015198,12,1.36
71,QuartzNet15x5Base-En,?,0.0,116-288045-0014,NeMo,2,0.10938542899998538,12,1.36
72,QuartzNet15x5Base-En,?,0.0,116-288045-0014,NeMo,3,0.11987373300007675,12,1.36
73,QuartzNet15x5Base-En,?,0.0,116-288045-0014,NeMo,4,0.11271776199987471,12,1.36
74,QuartzNet15x5Base-En,?,0.0,116-288045-0014,NeMo,5,0.0930647359998602,12,1.36
75,QuartzNet15x5Base-En,?,0.16666666666666666,116-288045-0015,NeMo,1,0.16044043700003385,37,3.01
76,QuartzNet15x5Base-En,?,0.16666666666666666,116-288045-0015,NeMo,2,0.15302885200003402,37,3.01
77,QuartzNet15x5Base-En,?,0.16666666666666666,116-288045-0015,NeMo,3,0.12548487200001546,37,3.01
78,QuartzNet15x5Base-En,?,0.16666666666666666,116-288045-0015,NeMo,4,0.10918447799986097,37,3.01
79,QuartzNet15x5Base-En,?,0.16666666666666666,116-288045-0015,NeMo,5,0.10865440199995646,37,3.01
80,QuartzNet15x5Base-En,?,0.09090909090909091,116-288045-0016,NeMo,1,0.39672773600000255,175,11.9
81,QuartzNet15x5Base-En,?,0.09090909090909091,116-288045-0016,NeMo,2,0.3131255509999846,175,11.9
82,QuartzNet15x5Base-En,?,0.09090909090909091,116-288045-0016,NeMo,3,0.29200812999988557,175,11.9
83,QuartzNet15x5Base-En,?,0.09090909090909091,116-288045-0016,NeMo,4,0.2956303260000368,175,11.9
84,QuartzNet15x5Base-En,?,0.09090909090909091,116-288045-0016,NeMo,5,0.2932120579998809,175,11.9
85,QuartzNet15x5Base-En,?,0.0,116-288045-0017,NeMo,1,0.10339797999995426,19,1.825
86,QuartzNet15x5Base-En,?,0.0,116-288045-0017,NeMo,2,0.08790513799999644,19,1.825
87,QuartzNet15x5Base-En,?,0.0,116-288045-0017,NeMo,3,0.09952950999991117,19,1.825
88,QuartzNet15x5Base-En,?,0.0,116-288045-0017,NeMo,4,0.08768080400000144,19,1.825
89,QuartzNet15x5Base-En,?,0.0,116-288045-0017,NeMo,5,0.09016385099994295,19,1.825
90,QuartzNet15x5Base-En,?,0.0,116-288045-0018,NeMo,1,0.1549037329998555,38,4.21
91,QuartzNet15x5Base-En,?,0.0,116-288045-0018,NeMo,2,0.13778848200013272,38,4.21
92,QuartzNet15x5Base-En,?,0.0,116-288045-0018,NeMo,3,0.13221676500006652,38,4.21
93,QuartzNet15x5Base-En,?,0.0,116-288045-0018,NeMo,4,0.13923732900002506,38,4.21
94,QuartzNet15x5Base-En,?,0.0,116-288045-0018,NeMo,5,0.1313537460000589,38,4.21
95,QuartzNet15x5Base-En,?,0.0,116-288045-0019,NeMo,1,0.1263212779999776,28,3.505
96,QuartzNet15x5Base-En,?,0.0,116-288045-0019,NeMo,2,0.11710728299999573,28,3.505
97,QuartzNet15x5Base-En,?,0.0,116-288045-0019,NeMo,3,0.11959027200009587,28,3.505
98,QuartzNet15x5Base-En,?,0.0,116-288045-0019,NeMo,4,0.11669286899996223,28,3.505
99,QuartzNet15x5Base-En,?,0.0,116-288045-0019,NeMo,5,0.13831361000006837,28,3.505
100,QuartzNet15x5Base-En,?,0.0,116-288045-0020,NeMo,1,0.1028793539999242,33,2.575
101,QuartzNet15x5Base-En,?,0.0,116-288045-0020,NeMo,2,0.1049357910001163,33,2.575
102,QuartzNet15x5Base-En,?,0.0,116-288045-0020,NeMo,3,0.10363344099982896,33,2.575
103,QuartzNet15x5Base-En,?,0.0,116-288045-0020,NeMo,4,0.10121449700000085,33,2.575
104,QuartzNet15x5Base-En,?,0.0,116-288045-0020,NeMo,5,0.10217334499998287,33,2.575
105,QuartzNet15x5Base-En,?,0.2222222222222222,116-288045-0021,NeMo,1,0.26933294899981775,150,9.99
106,QuartzNet15x5Base-En,?,0.2222222222222222,116-288045-0021,NeMo,2,0.24731643700010864,150,9.99
107,QuartzNet15x5Base-En,?,0.2222222222222222,116-288045-0021,NeMo,3,0.2570692780000172,150,9.99
108,QuartzNet15x5Base-En,?,0.2222222222222222,116-288045-0021,NeMo,4,0.2622042820000843,150,9.99
109,QuartzNet15x5Base-En,?,0.2222222222222222,116-288045-0021,NeMo,5,0.25018646099988473,150,9.99
110,QuartzNet15x5Base-En,?,0.075,116-288045-0022,NeMo,1,0.3742520999999215,219,13.13
111,QuartzNet15x5Base-En,?,0.075,116-288045-0022,NeMo,2,0.321631595999861,219,13.13
112,QuartzNet15x5Base-En,?,0.075,116-288045-0022,NeMo,3,0.3202667749999364,219,13.13
113,QuartzNet15x5Base-En,?,0.075,116-288045-0022,NeMo,4,0.35092554800007747,219,13.13
114,QuartzNet15x5Base-En,?,0.075,116-288045-0022,NeMo,5,0.3234819229999175,219,13.13
115,QuartzNet15x5Base-En,?,0.08333333333333333,116-288045-0023,NeMo,1,0.1454686550000588,65,4.635
116,QuartzNet15x5Base-En,?,0.08333333333333333,116-288045-0023,NeMo,2,0.14649670599987985,65,4.635
117,QuartzNet15x5Base-En,?,0.08333333333333333,116-288045-0023,NeMo,3,0.14997754800015173,65,4.635
118,QuartzNet15x5Base-En,?,0.08333333333333333,116-288045-0023,NeMo,4,0.16704679600002237,65,4.635
119,QuartzNet15x5Base-En,?,0.08333333333333333,116-288045-0023,NeMo,5,0.17261158500014062,65,4.635
120,QuartzNet15x5Base-En,?,0.0,116-288045-0024,NeMo,1,0.16187655799990353,44,3.4549375
121,QuartzNet15x5Base-En,?,0.0,116-288045-0024,NeMo,2,0.17960052600005838,44,3.4549375
122,QuartzNet15x5Base-En,?,0.0,116-288045-0024,NeMo,3,0.15593038199995135,44,3.4549375
123,QuartzNet15x5Base-En,?,0.0,116-288045-0024,NeMo,4,0.14946664000012788,44,3.4549375
124,QuartzNet15x5Base-En,?,0.0,116-288045-0024,NeMo,5,0.15466493899998568,44,3.4549375
125,QuartzNet15x5Base-En,?,0.0,116-288045-0025,NeMo,1,0.23267321499997706,119,6.4050625
126,QuartzNet15x5Base-En,?,0.0,116-288045-0025,NeMo,2,0.22389187899989338,119,6.4050625
127,QuartzNet15x5Base-En,?,0.0,116-288045-0025,NeMo,3,0.22560389300019779,119,6.4050625
128,QuartzNet15x5Base-En,?,0.0,116-288045-0025,NeMo,4,0.22282186099982937,119,6.4050625
129,QuartzNet15x5Base-En,?,0.0,116-288045-0025,NeMo,5,0.24023813899998459,119,6.4050625
130,QuartzNet15x5Base-En,?,0.1,116-288045-0026,NeMo,1,0.17012744299995575,50,3.74
131,QuartzNet15x5Base-En,?,0.1,116-288045-0026,NeMo,2,0.16038055600006373,50,3.74
132,QuartzNet15x5Base-En,?,0.1,116-288045-0026,NeMo,3,0.15409113700002308,50,3.74
133,QuartzNet15x5Base-En,?,0.1,116-288045-0026,NeMo,4,0.1567773120000311,50,3.74
134,QuartzNet15x5Base-En,?,0.1,116-288045-0026,NeMo,5,0.16293972900007248,50,3.74
135,QuartzNet15x5Base-En,?,0.0,116-288045-0027,NeMo,1,0.1535021949998736,33,1.975
136,QuartzNet15x5Base-En,?,0.0,116-288045-0027,NeMo,2,0.11125727900002857,33,1.975
137,QuartzNet15x5Base-En,?,0.0,116-288045-0027,NeMo,3,0.11295299499988687,33,1.975
138,QuartzNet15x5Base-En,?,0.0,116-288045-0027,NeMo,4,0.1104031299998951,33,1.975
139,QuartzNet15x5Base-En,?,0.0,116-288045-0027,NeMo,5,0.12287131000016416,33,1.975
140,QuartzNet15x5Base-En,?,0.0,116-288045-0028,NeMo,1,0.15845714700003555,51,3.45
141,QuartzNet15x5Base-En,?,0.0,116-288045-0028,NeMo,2,0.1492844500000956,51,3.45
142,QuartzNet15x5Base-En,?,0.0,116-288045-0028,NeMo,3,0.14332398500005183,51,3.45
143,QuartzNet15x5Base-En,?,0.0,116-288045-0028,NeMo,4,0.18355258699989463,51,3.45
144,QuartzNet15x5Base-En,?,0.0,116-288045-0028,NeMo,5,0.13962286600008156,51,3.45
145,QuartzNet15x5Base-En,?,0.07142857142857142,116-288045-0029,NeMo,1,0.446327262000068,213,13.73
146,QuartzNet15x5Base-En,?,0.07142857142857142,116-288045-0029,NeMo,2,0.417948540999987,213,13.73
147,QuartzNet15x5Base-En,?,0.07142857142857142,116-288045-0029,NeMo,3,0.4097082800001317,213,13.73
148,QuartzNet15x5Base-En,?,0.07142857142857142,116-288045-0029,NeMo,4,0.4283035700000255,213,13.73
149,QuartzNet15x5Base-En,?,0.07142857142857142,116-288045-0029,NeMo,5,0.40500245599992013,213,13.73
150,QuartzNet15x5Base-En,?,0.07692307692307693,116-288045-0030,NeMo,1,0.20428418400001647,74,4.805
151,QuartzNet15x5Base-En,?,0.07692307692307693,116-288045-0030,NeMo,2,0.18847086200003105,74,4.805
152,QuartzNet15x5Base-En,?,0.07692307692307693,116-288045-0030,NeMo,3,0.18260651900004632,74,4.805
153,QuartzNet15x5Base-En,?,0.07692307692307693,116-288045-0030,NeMo,4,0.19471340199993392,74,4.805
154,QuartzNet15x5Base-En,?,0.07692307692307693,116-288045-0030,NeMo,5,0.17696626600013587,74,4.805
155,QuartzNet15x5Base-En,?,0.05555555555555555,116-288045-0031,NeMo,1,0.257771115000196,90,7.35
156,QuartzNet15x5Base-En,?,0.05555555555555555,116-288045-0031,NeMo,2,0.23602240000013808,90,7.35
157,QuartzNet15x5Base-En,?,0.05555555555555555,116-288045-0031,NeMo,3,0.24933879099990008,90,7.35
158,QuartzNet15x5Base-En,?,0.05555555555555555,116-288045-0031,NeMo,4,0.2376042599998982,90,7.35
159,QuartzNet15x5Base-En,?,0.05555555555555555,116-288045-0031,NeMo,5,0.2384007439998186,90,7.35
160,QuartzNet15x5Base-En,?,0.0,116-288045-0032,NeMo,1,0.2572753110000576,94,6.75
161,QuartzNet15x5Base-En,?,0.0,116-288045-0032,NeMo,2,0.2276419419999911,94,6.75
162,QuartzNet15x5Base-En,?,0.0,116-288045-0032,NeMo,3,0.23648832899993977,94,6.75
163,QuartzNet15x5Base-En,?,0.0,116-288045-0032,NeMo,4,0.2246178749999217,94,6.75
164,QuartzNet15x5Base-En,?,0.0,116-288045-0032,NeMo,5,0.3788386849998915,94,6.75
165,stt_en_quartznet15x5,?,0.09090909090909091,116-288045-0000,NeMo,1,0.3593585339999663,182,10.65
166,stt_en_quartznet15x5,?,0.09090909090909091,116-288045-0000,NeMo,2,0.38123206699992807,182,10.65
167,stt_en_quartznet15x5,?,0.09090909090909091,116-288045-0000,NeMo,3,0.5055857859999833,182,10.65
168,stt_en_quartznet15x5,?,0.09090909090909091,116-288045-0000,NeMo,4,0.4049711360000856,182,10.65
169,stt_en_quartznet15x5,?,0.09090909090909091,116-288045-0000,NeMo,5,0.3722187009998379,182,10.65
170,stt_en_quartznet15x5,?,0.0,116-288045-0001,NeMo,1,0.3574068799998713,115,8.635
171,stt_en_quartznet15x5,?,0.0,116-288045-0001,NeMo,2,0.3252609589999338,115,8.635
172,stt_en_quartznet15x5,?,0.0,116-288045-0001,NeMo,3,0.4233981679999488,115,8.635
173,stt_en_quartznet15x5,?,0.0,116-288045-0001,NeMo,4,0.36377588899995317,115,8.635
174,stt_en_quartznet15x5,?,0.0,116-288045-0001,NeMo,5,0.2756624510000165,115,8.635
175,stt_en_quartznet15x5,?,0.037037037037037035,116-288045-0002,NeMo,1,0.3833236919999763,142,9.625
176,stt_en_quartznet15x5,?,0.037037037037037035,116-288045-0002,NeMo,2,0.41592021299993576,142,9.625
177,stt_en_quartznet15x5,?,0.037037037037037035,116-288045-0002,NeMo,3,0.43756811400021434,142,9.625
178,stt_en_quartznet15x5,?,0.037037037037037035,116-288045-0002,NeMo,4,0.3847499850000986,142,9.625
179,stt_en_quartznet15x5,?,0.037037037037037035,116-288045-0002,NeMo,5,0.3284320270001899,142,9.625
180,stt_en_quartznet15x5,?,0.1,116-288045-0003,NeMo,1,0.2150598280002214,54,3.66
181,stt_en_quartznet15x5,?,0.1,116-288045-0003,NeMo,2,0.22103471299988087,54,3.66
182,stt_en_quartznet15x5,?,0.1,116-288045-0003,NeMo,3,0.17511584300018512,54,3.66
183,stt_en_quartznet15x5,?,0.1,116-288045-0003,NeMo,4,0.17998073500007195,54,3.66
184,stt_en_quartznet15x5,?,0.1,116-288045-0003,NeMo,5,0.16226319099996545,54,3.66
185,stt_en_quartznet15x5,?,0.0,116-288045-0004,NeMo,1,0.1607297750001635,62,3.72
186,stt_en_quartznet15x5,?,0.0,116-288045-0004,NeMo,2,0.16019952699980422,62,3.72
187,stt_en_quartznet15x5,?,0.0,116-288045-0004,NeMo,3,0.1643766479999158,62,3.72
188,stt_en_quartznet15x5,?,0.0,116-288045-0004,NeMo,4,0.15944324099996265,62,3.72
189,stt_en_quartznet15x5,?,0.0,116-288045-0004,NeMo,5,0.16312304799998856,62,3.72
190,stt_en_quartznet15x5,?,0.0,116-288045-0005,NeMo,1,0.2047506040000826,52,4.995
191,stt_en_quartznet15x5,?,0.0,116-288045-0005,NeMo,2,0.20720768099999987,52,4.995
192,stt_en_quartznet15x5,?,0.0,116-288045-0005,NeMo,3,0.22215432999996665,52,4.995
193,stt_en_quartznet15x5,?,0.0,116-288045-0005,NeMo,4,0.22961947900012092,52,4.995
194,stt_en_quartznet15x5,?,0.0,116-288045-0005,NeMo,5,0.21020270400003938,52,4.995
195,stt_en_quartznet15x5,?,0.0,116-288045-0006,NeMo,1,0.17557519000001776,38,3.525
196,stt_en_quartznet15x5,?,0.0,116-288045-0006,NeMo,2,0.17219394599987936,38,3.525
197,stt_en_quartznet15x5,?,0.0,116-288045-0006,NeMo,3,0.17751755399990543,38,3.525
198,stt_en_quartznet15x5,?,0.0,116-288045-0006,NeMo,4,0.2298392339998827,38,3.525
199,stt_en_quartznet15x5,?,0.0,116-288045-0006,NeMo,5,0.17416913700003533,38,3.525
200,stt_en_quartznet15x5,?,0.42857142857142855,116-288045-0007,NeMo,1,0.15641837699990901,40,2.67
201,stt_en_quartznet15x5,?,0.42857142857142855,116-288045-0007,NeMo,2,0.1385772469998301,40,2.67
202,stt_en_quartznet15x5,?,0.42857142857142855,116-288045-0007,NeMo,3,0.13475240899992968,40,2.67
203,stt_en_quartznet15x5,?,0.42857142857142855,116-288045-0007,NeMo,4,0.13318474699985927,40,2.67
204,stt_en_quartznet15x5,?,0.42857142857142855,116-288045-0007,NeMo,5,0.15656103500009522,40,2.67
205,stt_en_quartznet15x5,?,0.07142857142857142,116-288045-0008,NeMo,1,0.24713432900011867,76,5.165
206,stt_en_quartznet15x5,?,0.07142857142857142,116-288045-0008,NeMo,2,0.21107067399998414,76,5.165
207,stt_en_quartznet15x5,?,0.07142857142857142,116-288045-0008,NeMo,3,0.20084748299996136,76,5.165
208,stt_en_quartznet15x5,?,0.07142857142857142,116-288045-0008,NeMo,4,0.19875821100004032,76,5.165
209,stt_en_quartznet15x5,?,0.07142857142857142,116-288045-0008,NeMo,5,0.1987552359998972,76,5.165
210,stt_en_quartznet15x5,?,0.0,116-288045-0009,NeMo,1,0.151620931999787,25,3.07
211,stt_en_quartznet15x5,?,0.0,116-288045-0009,NeMo,2,0.1495696310000767,25,3.07
212,stt_en_quartznet15x5,?,0.0,116-288045-0009,NeMo,3,0.14936681700010013,25,3.07
213,stt_en_quartznet15x5,?,0.0,116-288045-0009,NeMo,4,0.16370897000001605,25,3.07
214,stt_en_quartznet15x5,?,0.0,116-288045-0009,NeMo,5,0.17967922000002545,25,3.07
215,stt_en_quartznet15x5,?,0.0,116-288045-0010,NeMo,1,0.186960192000015,34,3.365
216,stt_en_quartznet15x5,?,0.0,116-288045-0010,NeMo,2,0.17849929699991662,34,3.365
217,stt_en_quartznet15x5,?,0.0,116-288045-0010,NeMo,3,0.1865773250001439,34,3.365
218,stt_en_quartznet15x5,?,0.0,116-288045-0010,NeMo,4,0.15866561500001808,34,3.365
219,stt_en_quartznet15x5,?,0.0,116-288045-0010,NeMo,5,0.15769045299998652,34,3.365
220,stt_en_quartznet15x5,?,0.05,116-288045-0011,NeMo,1,0.34389984599988566,102,9.11
221,stt_en_quartznet15x5,?,0.05,116-288045-0011,NeMo,2,0.3430524020000121,102,9.11
222,stt_en_quartznet15x5,?,0.05,116-288045-0011,NeMo,3,0.3861263769999823,102,9.11
223,stt_en_quartznet15x5,?,0.05,116-288045-0011,NeMo,4,0.34015868300002694,102,9.11
224,stt_en_quartznet15x5,?,0.05,116-288045-0011,NeMo,5,0.3388967189998766,102,9.11
225,stt_en_quartznet15x5,?,0.0,116-288045-0012,NeMo,1,0.22510221200013802,57,4.895
226,stt_en_quartznet15x5,?,0.0,116-288045-0012,NeMo,2,0.21608797599992613,57,4.895
227,stt_en_quartznet15x5,?,0.0,116-288045-0012,NeMo,3,0.20072878199994193,57,4.895
228,stt_en_quartznet15x5,?,0.0,116-288045-0012,NeMo,4,0.19634915999995428,57,4.895
229,stt_en_quartznet15x5,?,0.0,116-288045-0012,NeMo,5,0.20823961900009635,57,4.895
230,stt_en_quartznet15x5,?,0.0,116-288045-0013,NeMo,1,0.23532050899984824,68,4.895
231,stt_en_quartznet15x5,?,0.0,116-288045-0013,NeMo,2,0.1928064839999024,68,4.895
232,stt_en_quartznet15x5,?,0.0,116-288045-0013,NeMo,3,0.19636463699998785,68,4.895
233,stt_en_quartznet15x5,?,0.0,116-288045-0013,NeMo,4,0.20408185599990247,68,4.895
234,stt_en_quartznet15x5,?,0.0,116-288045-0013,NeMo,5,0.18677734500010956,68,4.895
235,stt_en_quartznet15x5,?,0.0,116-288045-0014,NeMo,1,0.10876688300004389,12,1.36
236,stt_en_quartznet15x5,?,0.0,116-288045-0014,NeMo,2,0.10619216600002801,12,1.36
237,stt_en_quartznet15x5,?,0.0,116-288045-0014,NeMo,3,0.10768135900002562,12,1.36
238,stt_en_quartznet15x5,?,0.0,116-288045-0014,NeMo,4,0.0969191439999122,12,1.36
239,stt_en_quartznet15x5,?,0.0,116-288045-0014,NeMo,5,0.09823332799987838,12,1.36
240,stt_en_quartznet15x5,?,0.16666666666666666,116-288045-0015,NeMo,1,0.13777986199988845,37,3.01
241,stt_en_quartznet15x5,?,0.16666666666666666,116-288045-0015,NeMo,2,0.1421215629998187,37,3.01
242,stt_en_quartznet15x5,?,0.16666666666666666,116-288045-0015,NeMo,3,0.14462247100004788,37,3.01
243,stt_en_quartznet15x5,?,0.16666666666666666,116-288045-0015,NeMo,4,0.14231760999996368,37,3.01
244,stt_en_quartznet15x5,?,0.16666666666666666,116-288045-0015,NeMo,5,0.14343696700007058,37,3.01
245,stt_en_quartznet15x5,?,0.15151515151515152,116-288045-0016,NeMo,1,0.42913814899998215,175,11.9
246,stt_en_quartznet15x5,?,0.15151515151515152,116-288045-0016,NeMo,2,0.39015926500019305,175,11.9
247,stt_en_quartznet15x5,?,0.15151515151515152,116-288045-0016,NeMo,3,0.37324568000008185,175,11.9
248,stt_en_quartznet15x5,?,0.15151515151515152,116-288045-0016,NeMo,4,0.4401531959999829,175,11.9
249,stt_en_quartznet15x5,?,0.15151515151515152,116-288045-0016,NeMo,5,0.47856725399992683,175,11.9
250,stt_en_quartznet15x5,?,0.0,116-288045-0017,NeMo,1,0.13338652299989917,19,1.825
251,stt_en_quartznet15x5,?,0.0,116-288045-0017,NeMo,2,0.12610715599998912,19,1.825
252,stt_en_quartznet15x5,?,0.0,116-288045-0017,NeMo,3,0.11804756500009717,19,1.825
253,stt_en_quartznet15x5,?,0.0,116-288045-0017,NeMo,4,0.11408676500013826,19,1.825
254,stt_en_quartznet15x5,?,0.0,116-288045-0017,NeMo,5,0.11645180499999697,19,1.825
255,stt_en_quartznet15x5,?,0.25,116-288045-0018,NeMo,1,0.16773561800005155,38,4.21
256,stt_en_quartznet15x5,?,0.25,116-288045-0018,NeMo,2,0.1747537270000521,38,4.21
257,stt_en_quartznet15x5,?,0.25,116-288045-0018,NeMo,3,0.18762768900000992,38,4.21
258,stt_en_quartznet15x5,?,0.25,116-288045-0018,NeMo,4,0.1697340149999036,38,4.21
259,stt_en_quartznet15x5,?,0.25,116-288045-0018,NeMo,5,0.17522079699983806,38,4.21
260,stt_en_quartznet15x5,?,0.0,116-288045-0019,NeMo,1,0.15201793400001407,28,3.505
261,stt_en_quartznet15x5,?,0.0,116-288045-0019,NeMo,2,0.15245899199999258,28,3.505
262,stt_en_quartznet15x5,?,0.0,116-288045-0019,NeMo,3,0.1562226460000602,28,3.505
263,stt_en_quartznet15x5,?,0.0,116-288045-0019,NeMo,4,0.1591781310000897,28,3.505
264,stt_en_quartznet15x5,?,0.0,116-288045-0019,NeMo,5,0.15163066299987804,28,3.505
265,stt_en_quartznet15x5,?,0.0,116-288045-0020,NeMo,1,0.13055766600018615,33,2.575
266,stt_en_quartznet15x5,?,0.0,116-288045-0020,NeMo,2,0.13020905799999127,33,2.575
267,stt_en_quartznet15x5,?,0.0,116-288045-0020,NeMo,3,0.13533672700009447,33,2.575
268,stt_en_quartznet15x5,?,0.0,116-288045-0020,NeMo,4,0.12776179100001173,33,2.575
269,stt_en_quartznet15x5,?,0.0,116-288045-0020,NeMo,5,0.12688147700009722,33,2.575
270,stt_en_quartznet15x5,?,0.1111111111111111,116-288045-0021,NeMo,1,0.30565625700000965,150,9.99
271,stt_en_quartznet15x5,?,0.1111111111111111,116-288045-0021,NeMo,2,0.3174323060000006,150,9.99
272,stt_en_quartznet15x5,?,0.1111111111111111,116-288045-0021,NeMo,3,0.32447909500001515,150,9.99
273,stt_en_quartznet15x5,?,0.1111111111111111,116-288045-0021,NeMo,4,0.32315946799985795,150,9.99
274,stt_en_quartznet15x5,?,0.1111111111111111,116-288045-0021,NeMo,5,0.3096561479999309,150,9.99
275,stt_en_quartznet15x5,?,0.075,116-288045-0022,NeMo,1,0.39476369799990607,219,13.13
276,stt_en_quartznet15x5,?,0.075,116-288045-0022,NeMo,2,0.422869381000055,219,13.13
277,stt_en_quartznet15x5,?,0.075,116-288045-0022,NeMo,3,0.46718753499999366,219,13.13
278,stt_en_quartznet15x5,?,0.075,116-288045-0022,NeMo,4,0.41803474599987567,219,13.13
279,stt_en_quartznet15x5,?,0.075,116-288045-0022,NeMo,5,0.4134694080000827,219,13.13
280,stt_en_quartznet15x5,?,0.25,116-288045-0023,NeMo,1,0.18613761999995404,65,4.635
281,stt_en_quartznet15x5,?,0.25,116-288045-0023,NeMo,2,0.18801405699991847,65,4.635
282,stt_en_quartznet15x5,?,0.25,116-288045-0023,NeMo,3,0.2015284399999473,65,4.635
283,stt_en_quartznet15x5,?,0.25,116-288045-0023,NeMo,4,0.17006709599991154,65,4.635
284,stt_en_quartznet15x5,?,0.25,116-288045-0023,NeMo,5,0.18554031099984059,65,4.635
285,stt_en_quartznet15x5,?,0.0,116-288045-0024,NeMo,1,0.16174565400001484,44,3.4549375
286,stt_en_quartznet15x5,?,0.0,116-288045-0024,NeMo,2,0.16210713099985696,44,3.4549375
287,stt_en_quartznet15x5,?,0.0,116-288045-0024,NeMo,3,0.15821170100002746,44,3.4549375
288,stt_en_quartznet15x5,?,0.0,116-288045-0024,NeMo,4,0.1823018539998884,44,3.4549375
289,stt_en_quartznet15x5,?,0.0,116-288045-0024,NeMo,5,0.1752088509999794,44,3.4549375
290,stt_en_quartznet15x5,?,0.043478260869565216,116-288045-0025,NeMo,1,0.382318203000068,119,6.4050625
291,stt_en_quartznet15x5,?,0.043478260869565216,116-288045-0025,NeMo,2,0.39060534500003996,119,6.4050625
292,stt_en_quartznet15x5,?,0.043478260869565216,116-288045-0025,NeMo,3,0.40838931400003275,119,6.4050625
293,stt_en_quartznet15x5,?,0.043478260869565216,116-288045-0025,NeMo,4,0.3960489190001226,119,6.4050625
294,stt_en_quartznet15x5,?,0.043478260869565216,116-288045-0025,NeMo,5,0.48051080499999443,119,6.4050625
295,stt_en_quartznet15x5,?,0.0,116-288045-0026,NeMo,1,0.16177930999992896,50,3.74
296,stt_en_quartznet15x5,?,0.0,116-288045-0026,NeMo,2,0.17110399200009851,50,3.74
297,stt_en_quartznet15x5,?,0.0,116-288045-0026,NeMo,3,0.1625236780000705,50,3.74
298,stt_en_quartznet15x5,?,0.0,116-288045-0026,NeMo,4,0.16195415899983345,50,3.74
299,stt_en_quartznet15x5,?,0.0,116-288045-0026,NeMo,5,0.15623701100003018,50,3.74
300,stt_en_quartznet15x5,?,0.0,116-288045-0027,NeMo,1,0.1354813909999848,33,1.975
301,stt_en_quartznet15x5,?,0.0,116-288045-0027,NeMo,2,0.12853640299999824,33,1.975
302,stt_en_quartznet15x5,?,0.0,116-288045-0027,NeMo,3,0.13705080299996553,33,1.975
303,stt_en_quartznet15x5,?,0.0,116-288045-0027,NeMo,4,0.13204667199988762,33,1.975
304,stt_en_quartznet15x5,?,0.0,116-288045-0027,NeMo,5,0.13682088599989584,33,1.975
305,stt_en_quartznet15x5,?,0.0,116-288045-0028,NeMo,1,0.15248091700004807,51,3.45
306,stt_en_quartznet15x5,?,0.0,116-288045-0028,NeMo,2,0.15610517999994045,51,3.45
307,stt_en_quartznet15x5,?,0.0,116-288045-0028,NeMo,3,0.16739281399986794,51,3.45
308,stt_en_quartznet15x5,?,0.0,116-288045-0028,NeMo,4,0.16941690700014078,51,3.45
309,stt_en_quartznet15x5,?,0.0,116-288045-0028,NeMo,5,0.185809565999989,51,3.45
310,stt_en_quartznet15x5,?,0.047619047619047616,116-288045-0029,NeMo,1,0.42876670000009653,213,13.73
311,stt_en_quartznet15x5,?,0.047619047619047616,116-288045-0029,NeMo,2,0.4272455860000264,213,13.73
312,stt_en_quartznet15x5,?,0.047619047619047616,116-288045-0029,NeMo,3,0.47772947399994337,213,13.73
313,stt_en_quartznet15x5,?,0.047619047619047616,116-288045-0029,NeMo,4,0.4895380220000334,213,13.73
314,stt_en_quartznet15x5,?,0.047619047619047616,116-288045-0029,NeMo,5,0.5618325949999416,213,13.73
315,stt_en_quartznet15x5,?,0.15384615384615385,116-288045-0030,NeMo,1,0.25689504700017096,74,4.805
316,stt_en_quartznet15x5,?,0.15384615384615385,116-288045-0030,NeMo,2,0.2475118620000103,74,4.805
317,stt_en_quartznet15x5,?,0.15384615384615385,116-288045-0030,NeMo,3,0.2557564880000882,74,4.805
318,stt_en_quartznet15x5,?,0.15384615384615385,116-288045-0030,NeMo,4,0.2586464060000253,74,4.805
319,stt_en_quartznet15x5,?,0.15384615384615385,116-288045-0030,NeMo,5,0.31912033599996903,74,4.805
320,stt_en_quartznet15x5,?,0.05555555555555555,116-288045-0031,NeMo,1,0.4373448989999815,90,7.35
321,stt_en_quartznet15x5,?,0.05555555555555555,116-288045-0031,NeMo,2,0.3385928350000995,90,7.35
322,stt_en_quartznet15x5,?,0.05555555555555555,116-288045-0031,NeMo,3,0.33077510800012533,90,7.35
323,stt_en_quartznet15x5,?,0.05555555555555555,116-288045-0031,NeMo,4,0.3489859290000368,90,7.35
324,stt_en_quartznet15x5,?,0.05555555555555555,116-288045-0031,NeMo,5,0.3547790630000236,90,7.35
325,stt_en_quartznet15x5,?,0.09090909090909091,116-288045-0032,NeMo,1,0.3236195370000132,94,6.75
326,stt_en_quartznet15x5,?,0.09090909090909091,116-288045-0032,NeMo,2,0.2833899150000434,94,6.75
327,stt_en_quartznet15x5,?,0.09090909090909091,116-288045-0032,NeMo,3,0.2390830570000162,94,6.75
328,stt_en_quartznet15x5,?,0.09090909090909091,116-288045-0032,NeMo,4,0.23722386800000095,94,6.75
329,stt_en_quartznet15x5,?,0.09090909090909091,116-288045-0032,NeMo,5,0.27874864899990826,94,6.75
330,stt_en_citrinet_256,?,0.09090909090909091,116-288045-0000,NeMo,1,0.21467970399999103,182,10.65
331,stt_en_citrinet_256,?,0.09090909090909091,116-288045-0000,NeMo,2,0.15073430600000393,182,10.65
332,stt_en_citrinet_256,?,0.09090909090909091,116-288045-0000,NeMo,3,0.14866980700003296,182,10.65
333,stt_en_citrinet_256,?,0.09090909090909091,116-288045-0000,NeMo,4,0.14559166899994125,182,10.65
334,stt_en_citrinet_256,?,0.09090909090909091,116-288045-0000,NeMo,5,0.14856864699981998,182,10.65
335,stt_en_citrinet_256,?,0.0,116-288045-0001,NeMo,1,0.14009345900012704,115,8.635
336,stt_en_citrinet_256,?,0.0,116-288045-0001,NeMo,2,0.13733883800000513,115,8.635
337,stt_en_citrinet_256,?,0.0,116-288045-0001,NeMo,3,0.13124398900004053,115,8.635
338,stt_en_citrinet_256,?,0.0,116-288045-0001,NeMo,4,0.13626178899994557,115,8.635
339,stt_en_citrinet_256,?,0.0,116-288045-0001,NeMo,5,0.13261981200002992,115,8.635
340,stt_en_citrinet_256,?,0.0,116-288045-0002,NeMo,1,0.14633155900014572,142,9.625
341,stt_en_citrinet_256,?,0.0,116-288045-0002,NeMo,2,0.1393362280000474,142,9.625
342,stt_en_citrinet_256,?,0.0,116-288045-0002,NeMo,3,0.14060193799991794,142,9.625
343,stt_en_citrinet_256,?,0.0,116-288045-0002,NeMo,4,0.14045470500013835,142,9.625
344,stt_en_citrinet_256,?,0.0,116-288045-0002,NeMo,5,0.14599011399991468,142,9.625
345,stt_en_citrinet_256,?,0.1,116-288045-0003,NeMo,1,0.1043670280000697,54,3.66
346,stt_en_citrinet_256,?,0.1,116-288045-0003,NeMo,2,0.0965104849999534,54,3.66
347,stt_en_citrinet_256,?,0.1,116-288045-0003,NeMo,3,0.0950773700001264,54,3.66
348,stt_en_citrinet_256,?,0.1,116-288045-0003,NeMo,4,0.09409467499995117,54,3.66
349,stt_en_citrinet_256,?,0.1,116-288045-0003,NeMo,5,0.09486425000000054,54,3.66
350,stt_en_citrinet_256,?,0.0,116-288045-0004,NeMo,1,0.10162037999998574,62,3.72
351,stt_en_citrinet_256,?,0.0,116-288045-0004,NeMo,2,0.10601225000004888,62,3.72
352,stt_en_citrinet_256,?,0.0,116-288045-0004,NeMo,3,0.09328525999990234,62,3.72
353,stt_en_citrinet_256,?,0.0,116-288045-0004,NeMo,4,0.09241899500011641,62,3.72
354,stt_en_citrinet_256,?,0.0,116-288045-0004,NeMo,5,0.09304784599999039,62,3.72
355,stt_en_citrinet_256,?,0.0,116-288045-0005,NeMo,1,0.10681724699998085,52,4.995
356,stt_en_citrinet_256,?,0.0,116-288045-0005,NeMo,2,0.10487401199998203,52,4.995
357,stt_en_citrinet_256,?,0.0,116-288045-0005,NeMo,3,0.10677852100002383,52,4.995
358,stt_en_citrinet_256,?,0.0,116-288045-0005,NeMo,4,0.10462458799997876,52,4.995
359,stt_en_citrinet_256,?,0.0,116-288045-0005,NeMo,5,0.10426871099980417,52,4.995
360,stt_en_citrinet_256,?,0.0,116-288045-0006,NeMo,1,0.10072070000001077,38,3.525
361,stt_en_citrinet_256,?,0.0,116-288045-0006,NeMo,2,0.09429753799986429,38,3.525
362,stt_en_citrinet_256,?,0.0,116-288045-0006,NeMo,3,0.09506053199993403,38,3.525
363,stt_en_citrinet_256,?,0.0,116-288045-0006,NeMo,4,0.09740096599989556,38,3.525
364,stt_en_citrinet_256,?,0.0,116-288045-0006,NeMo,5,0.093850441000086,38,3.525
365,stt_en_citrinet_256,?,0.42857142857142855,116-288045-0007,NeMo,1,0.09842753299994911,40,2.67
366,stt_en_citrinet_256,?,0.42857142857142855,116-288045-0007,NeMo,2,0.08795891099998698,40,2.67
367,stt_en_citrinet_256,?,0.42857142857142855,116-288045-0007,NeMo,3,0.09034729700010757,40,2.67
368,stt_en_citrinet_256,?,0.42857142857142855,116-288045-0007,NeMo,4,0.08938816700015195,40,2.67
369,stt_en_citrinet_256,?,0.42857142857142855,116-288045-0007,NeMo,5,0.08766172800005734,40,2.67
370,stt_en_citrinet_256,?,0.14285714285714285,116-288045-0008,NeMo,1,0.11592045900010817,76,5.165
371,stt_en_citrinet_256,?,0.14285714285714285,116-288045-0008,NeMo,2,0.10488794000002599,76,5.165
372,stt_en_citrinet_256,?,0.14285714285714285,116-288045-0008,NeMo,3,0.10717967300001874,76,5.165
373,stt_en_citrinet_256,?,0.14285714285714285,116-288045-0008,NeMo,4,0.10941813399995226,76,5.165
374,stt_en_citrinet_256,?,0.14285714285714285,116-288045-0008,NeMo,5,0.15000375099998564,76,5.165
375,stt_en_citrinet_256,?,0.0,116-288045-0009,NeMo,1,0.10447248000014042,25,3.07
376,stt_en_citrinet_256,?,0.0,116-288045-0009,NeMo,2,0.09772555900008228,25,3.07
377,stt_en_citrinet_256,?,0.0,116-288045-0009,NeMo,3,0.08877102299993567,25,3.07
378,stt_en_citrinet_256,?,0.0,116-288045-0009,NeMo,4,0.09325034199991933,25,3.07
379,stt_en_citrinet_256,?,0.0,116-288045-0009,NeMo,5,0.0888147040000149,25,3.07
380,stt_en_citrinet_256,?,0.3333333333333333,116-288045-0010,NeMo,1,0.10260336999999708,34,3.365
381,stt_en_citrinet_256,?,0.3333333333333333,116-288045-0010,NeMo,2,0.1158111069998995,34,3.365
382,stt_en_citrinet_256,?,0.3333333333333333,116-288045-0010,NeMo,3,0.139643623999973,34,3.365
383,stt_en_citrinet_256,?,0.3333333333333333,116-288045-0010,NeMo,4,0.1288488560001042,34,3.365
384,stt_en_citrinet_256,?,0.3333333333333333,116-288045-0010,NeMo,5,0.12946949100000893,34,3.365
385,stt_en_citrinet_256,?,0.05,116-288045-0011,NeMo,1,0.15458904899992376,102,9.11
386,stt_en_citrinet_256,?,0.05,116-288045-0011,NeMo,2,0.1537704530001065,102,9.11
387,stt_en_citrinet_256,?,0.05,116-288045-0011,NeMo,3,0.14312064299997473,102,9.11
388,stt_en_citrinet_256,?,0.05,116-288045-0011,NeMo,4,0.1353119959999276,102,9.11
389,stt_en_citrinet_256,?,0.05,116-288045-0011,NeMo,5,0.13127313299992238,102,9.11
390,stt_en_citrinet_256,?,0.0,116-288045-0012,NeMo,1,0.12688367400005518,57,4.895
391,stt_en_citrinet_256,?,0.0,116-288045-0012,NeMo,2,0.10333957500006363,57,4.895
392,stt_en_citrinet_256,?,0.0,116-288045-0012,NeMo,3,0.1060915930002011,57,4.895
393,stt_en_citrinet_256,?,0.0,116-288045-0012,NeMo,4,0.11981550399991647,57,4.895
394,stt_en_citrinet_256,?,0.0,116-288045-0012,NeMo,5,0.10820201000001362,57,4.895
395,stt_en_citrinet_256,?,0.0,116-288045-0013,NeMo,1,0.10431979700001648,68,4.895
396,stt_en_citrinet_256,?,0.0,116-288045-0013,NeMo,2,0.10333763299991006,68,4.895
397,stt_en_citrinet_256,?,0.0,116-288045-0013,NeMo,3,0.10880346799990548,68,4.895
398,stt_en_citrinet_256,?,0.0,116-288045-0013,NeMo,4,0.10909988000003068,68,4.895
399,stt_en_citrinet_256,?,0.0,116-288045-0013,NeMo,5,0.1159039040001062,68,4.895
400,stt_en_citrinet_256,?,0.0,116-288045-0014,NeMo,1,0.08919882300006066,12,1.36
401,stt_en_citrinet_256,?,0.0,116-288045-0014,NeMo,2,0.07811345099980826,12,1.36
402,stt_en_citrinet_256,?,0.0,116-288045-0014,NeMo,3,0.07328205599992543,12,1.36
403,stt_en_citrinet_256,?,0.0,116-288045-0014,NeMo,4,0.07918998900004226,12,1.36
404,stt_en_citrinet_256,?,0.0,116-288045-0014,NeMo,5,0.07624525100004576,12,1.36
405,stt_en_citrinet_256,?,0.5,116-288045-0015,NeMo,1,0.09316707299990412,37,3.01
406,stt_en_citrinet_256,?,0.5,116-288045-0015,NeMo,2,0.09683095399986996,37,3.01
407,stt_en_citrinet_256,?,0.5,116-288045-0015,NeMo,3,0.08537823500000741,37,3.01
408,stt_en_citrinet_256,?,0.5,116-288045-0015,NeMo,4,0.08361814799991407,37,3.01
409,stt_en_citrinet_256,?,0.5,116-288045-0015,NeMo,5,0.10315300799993565,37,3.01
410,stt_en_citrinet_256,?,0.030303030303030304,116-288045-0016,NeMo,1,0.1609948440000153,175,11.9
411,stt_en_citrinet_256,?,0.030303030303030304,116-288045-0016,NeMo,2,0.16164234300003955,175,11.9
412,stt_en_citrinet_256,?,0.030303030303030304,116-288045-0016,NeMo,3,0.16068685899995216,175,11.9
413,stt_en_citrinet_256,?,0.030303030303030304,116-288045-0016,NeMo,4,0.16302760400003535,175,11.9
414,stt_en_citrinet_256,?,0.030303030303030304,116-288045-0016,NeMo,5,0.15365561799990246,175,11.9
415,stt_en_citrinet_256,?,0.0,116-288045-0017,NeMo,1,0.09309580100011772,19,1.825
416,stt_en_citrinet_256,?,0.0,116-288045-0017,NeMo,2,0.07894363900004464,19,1.825
417,stt_en_citrinet_256,?,0.0,116-288045-0017,NeMo,3,0.07976337799982502,19,1.825
418,stt_en_citrinet_256,?,0.0,116-288045-0017,NeMo,4,0.08261420200005887,19,1.825
419,stt_en_citrinet_256,?,0.0,116-288045-0017,NeMo,5,0.07978033299991694,19,1.825
420,stt_en_citrinet_256,?,0.0,116-288045-0018,NeMo,1,0.11576974400009021,38,4.21
421,stt_en_citrinet_256,?,0.0,116-288045-0018,NeMo,2,0.1263398490000327,38,4.21
422,stt_en_citrinet_256,?,0.0,116-288045-0018,NeMo,3,0.10580683300008786,38,4.21
423,stt_en_citrinet_256,?,0.0,116-288045-0018,NeMo,4,0.09617586500007747,38,4.21
424,stt_en_citrinet_256,?,0.0,116-288045-0018,NeMo,5,0.09508695399995304,38,4.21
425,stt_en_citrinet_256,?,0.0,116-288045-0019,NeMo,1,0.112875755999994,28,3.505
426,stt_en_citrinet_256,?,0.0,116-288045-0019,NeMo,2,0.09156354399988231,28,3.505
427,stt_en_citrinet_256,?,0.0,116-288045-0019,NeMo,3,0.11176589299998341,28,3.505
428,stt_en_citrinet_256,?,0.0,116-288045-0019,NeMo,4,0.0926013809998949,28,3.505
429,stt_en_citrinet_256,?,0.0,116-288045-0019,NeMo,5,0.09325183600003584,28,3.505
430,stt_en_citrinet_256,?,0.0,116-288045-0020,NeMo,1,0.08955873800005065,33,2.575
431,stt_en_citrinet_256,?,0.0,116-288045-0020,NeMo,2,0.09093019700003424,33,2.575
432,stt_en_citrinet_256,?,0.0,116-288045-0020,NeMo,3,0.08771702699982598,33,2.575
433,stt_en_citrinet_256,?,0.0,116-288045-0020,NeMo,4,0.08181060500010062,33,2.575
434,stt_en_citrinet_256,?,0.0,116-288045-0020,NeMo,5,0.09006622099991546,33,2.575
435,stt_en_citrinet_256,?,0.037037037037037035,116-288045-0021,NeMo,1,0.14520394200008013,150,9.99
436,stt_en_citrinet_256,?,0.037037037037037035,116-288045-0021,NeMo,2,0.15309326599981432,150,9.99
437,stt_en_citrinet_256,?,0.037037037037037035,116-288045-0021,NeMo,3,0.13970774300014455,150,9.99
438,stt_en_citrinet_256,?,0.037037037037037035,116-288045-0021,NeMo,4,0.14689871500013396,150,9.99
439,stt_en_citrinet_256,?,0.037037037037037035,116-288045-0021,NeMo,5,0.13729738500001076,150,9.99
440,stt_en_citrinet_256,?,0.075,116-288045-0022,NeMo,1,0.1896565450001617,219,13.13
441,stt_en_citrinet_256,?,0.075,116-288045-0022,NeMo,2,0.16274514699989595,219,13.13
442,stt_en_citrinet_256,?,0.075,116-288045-0022,NeMo,3,0.17210544599993227,219,13.13
443,stt_en_citrinet_256,?,0.075,116-288045-0022,NeMo,4,0.1938590550000754,219,13.13
444,stt_en_citrinet_256,?,0.075,116-288045-0022,NeMo,5,0.1958676810002089,219,13.13
445,stt_en_citrinet_256,?,0.16666666666666666,116-288045-0023,NeMo,1,0.1897756590001336,65,4.635
446,stt_en_citrinet_256,?,0.16666666666666666,116-288045-0023,NeMo,2,0.2547312389999661,65,4.635
447,stt_en_citrinet_256,?,0.16666666666666666,116-288045-0023,NeMo,3,0.17243742200002998,65,4.635
448,stt_en_citrinet_256,?,0.16666666666666666,116-288045-0023,NeMo,4,0.16739776100007475,65,4.635
449,stt_en_citrinet_256,?,0.16666666666666666,116-288045-0023,NeMo,5,0.120133105999912,65,4.635
450,stt_en_citrinet_256,?,0.0,116-288045-0024,NeMo,1,0.10694250100004865,44,3.4549375
451,stt_en_citrinet_256,?,0.0,116-288045-0024,NeMo,2,0.12838121599997976,44,3.4549375
452,stt_en_citrinet_256,?,0.0,116-288045-0024,NeMo,3,0.13051245900010144,44,3.4549375
453,stt_en_citrinet_256,?,0.0,116-288045-0024,NeMo,4,0.13283925199993973,44,3.4549375
454,stt_en_citrinet_256,?,0.0,116-288045-0024,NeMo,5,0.13046779599994807,44,3.4549375
455,stt_en_citrinet_256,?,0.17391304347826086,116-288045-0025,NeMo,1,0.14032779900003334,119,6.4050625
456,stt_en_citrinet_256,?,0.17391304347826086,116-288045-0025,NeMo,2,0.12777512100001331,119,6.4050625
457,stt_en_citrinet_256,?,0.17391304347826086,116-288045-0025,NeMo,3,0.12213152300000729,119,6.4050625
458,stt_en_citrinet_256,?,0.17391304347826086,116-288045-0025,NeMo,4,0.14540189399986048,119,6.4050625
459,stt_en_citrinet_256,?,0.17391304347826086,116-288045-0025,NeMo,5,0.14570730700006607,119,6.4050625
460,stt_en_citrinet_256,?,0.2,116-288045-0026,NeMo,1,0.12314530300000115,50,3.74
461,stt_en_citrinet_256,?,0.2,116-288045-0026,NeMo,2,0.10908814499998698,50,3.74
462,stt_en_citrinet_256,?,0.2,116-288045-0026,NeMo,3,0.11291752600004656,50,3.74
463,stt_en_citrinet_256,?,0.2,116-288045-0026,NeMo,4,0.10827353300010145,50,3.74
464,stt_en_citrinet_256,?,0.2,116-288045-0026,NeMo,5,0.10605805299996973,50,3.74
465,stt_en_citrinet_256,?,0.0,116-288045-0027,NeMo,1,0.08986990200014588,33,1.975
466,stt_en_citrinet_256,?,0.0,116-288045-0027,NeMo,2,0.0812484799998856,33,1.975
467,stt_en_citrinet_256,?,0.0,116-288045-0027,NeMo,3,0.10082517699993332,33,1.975
468,stt_en_citrinet_256,?,0.0,116-288045-0027,NeMo,4,0.09669337899981656,33,1.975
469,stt_en_citrinet_256,?,0.0,116-288045-0027,NeMo,5,0.08124425200003316,33,1.975
470,stt_en_citrinet_256,?,0.0,116-288045-0028,NeMo,1,0.09592597400001068,51,3.45
471,stt_en_citrinet_256,?,0.0,116-288045-0028,NeMo,2,0.09812318900003447,51,3.45
472,stt_en_citrinet_256,?,0.0,116-288045-0028,NeMo,3,0.10792135599990615,51,3.45
473,stt_en_citrinet_256,?,0.0,116-288045-0028,NeMo,4,0.09894308299999466,51,3.45
474,stt_en_citrinet_256,?,0.0,116-288045-0028,NeMo,5,0.10094082899991008,51,3.45
475,stt_en_citrinet_256,?,0.11904761904761904,116-288045-0029,NeMo,1,0.186315021999917,213,13.73
476,stt_en_citrinet_256,?,0.11904761904761904,116-288045-0029,NeMo,2,0.18734538400008205,213,13.73
477,stt_en_citrinet_256,?,0.11904761904761904,116-288045-0029,NeMo,3,0.21403207200000907,213,13.73
478,stt_en_citrinet_256,?,0.11904761904761904,116-288045-0029,NeMo,4,0.1809613979999085,213,13.73
479,stt_en_citrinet_256,?,0.11904761904761904,116-288045-0029,NeMo,5,0.1861017339999762,213,13.73
480,stt_en_citrinet_256,?,0.15384615384615385,116-288045-0030,NeMo,1,0.14971398199986652,74,4.805
481,stt_en_citrinet_256,?,0.15384615384615385,116-288045-0030,NeMo,2,0.11574910900003488,74,4.805
482,stt_en_citrinet_256,?,0.15384615384615385,116-288045-0030,NeMo,3,0.11485539499994957,74,4.805
483,stt_en_citrinet_256,?,0.15384615384615385,116-288045-0030,NeMo,4,0.11296276100006253,74,4.805
484,stt_en_citrinet_256,?,0.15384615384615385,116-288045-0030,NeMo,5,0.11181620000002113,74,4.805
485,stt_en_citrinet_256,?,0.05555555555555555,116-288045-0031,NeMo,1,0.1308460410000407,90,7.35
486,stt_en_citrinet_256,?,0.05555555555555555,116-288045-0031,NeMo,2,0.12143748100015728,90,7.35
487,stt_en_citrinet_256,?,0.05555555555555555,116-288045-0031,NeMo,3,0.1172204839999722,90,7.35
488,stt_en_citrinet_256,?,0.05555555555555555,116-288045-0031,NeMo,4,0.11872311499996613,90,7.35
489,stt_en_citrinet_256,?,0.05555555555555555,116-288045-0031,NeMo,5,0.11711403499998596,90,7.35
490,stt_en_citrinet_256,?,0.09090909090909091,116-288045-0032,NeMo,1,0.12911204100009854,94,6.75
491,stt_en_citrinet_256,?,0.09090909090909091,116-288045-0032,NeMo,2,0.11783506799997667,94,6.75
492,stt_en_citrinet_256,?,0.09090909090909091,116-288045-0032,NeMo,3,0.12346849299979112,94,6.75
493,stt_en_citrinet_256,?,0.09090909090909091,116-288045-0032,NeMo,4,0.14003266599979725,94,6.75
494,stt_en_citrinet_256,?,0.09090909090909091,116-288045-0032,NeMo,5,0.1276321469999857,94,6.75
495,stt_en_citrinet_512,?,0.09090909090909091,116-288045-0000,NeMo,1,0.3425665029999436,182,10.65
496,stt_en_citrinet_512,?,0.09090909090909091,116-288045-0000,NeMo,2,0.31590238400008275,182,10.65
497,stt_en_citrinet_512,?,0.09090909090909091,116-288045-0000,NeMo,3,0.3074765879998722,182,10.65
498,stt_en_citrinet_512,?,0.09090909090909091,116-288045-0000,NeMo,4,0.3314808580000772,182,10.65
499,stt_en_citrinet_512,?,0.09090909090909091,116-288045-0000,NeMo,5,0.3540858379999463,182,10.65
500,stt_en_citrinet_512,?,0.0,116-288045-0001,NeMo,1,0.3435073429998283,115,8.635
501,stt_en_citrinet_512,?,0.0,116-288045-0001,NeMo,2,0.2948131989999183,115,8.635
502,stt_en_citrinet_512,?,0.0,116-288045-0001,NeMo,3,0.28214278999985254,115,8.635
503,stt_en_citrinet_512,?,0.0,116-288045-0001,NeMo,4,0.2877259370000047,115,8.635
504,stt_en_citrinet_512,?,0.0,116-288045-0001,NeMo,5,0.2701841890000196,115,8.635
505,stt_en_citrinet_512,?,0.037037037037037035,116-288045-0002,NeMo,1,0.3134187910000037,142,9.625
506,stt_en_citrinet_512,?,0.037037037037037035,116-288045-0002,NeMo,2,0.29528734099994836,142,9.625
507,stt_en_citrinet_512,?,0.037037037037037035,116-288045-0002,NeMo,3,0.29440225300004386,142,9.625
508,stt_en_citrinet_512,?,0.037037037037037035,116-288045-0002,NeMo,4,0.36788971500004664,142,9.625
509,stt_en_citrinet_512,?,0.037037037037037035,116-288045-0002,NeMo,5,0.32484351900006914,142,9.625
510,stt_en_citrinet_512,?,0.3,116-288045-0003,NeMo,1,0.18732144700015851,54,3.66
511,stt_en_citrinet_512,?,0.3,116-288045-0003,NeMo,2,0.16594907400008196,54,3.66
512,stt_en_citrinet_512,?,0.3,116-288045-0003,NeMo,3,0.1632249070000853,54,3.66
513,stt_en_citrinet_512,?,0.3,116-288045-0003,NeMo,4,0.16126454200002627,54,3.66
514,stt_en_citrinet_512,?,0.3,116-288045-0003,NeMo,5,0.16321544500010532,54,3.66
515,stt_en_citrinet_512,?,0.0,116-288045-0004,NeMo,1,0.18291612799998802,62,3.72
516,stt_en_citrinet_512,?,0.0,116-288045-0004,NeMo,2,0.17057746599994061,62,3.72
517,stt_en_citrinet_512,?,0.0,116-288045-0004,NeMo,3,0.16543021100005717,62,3.72
518,stt_en_citrinet_512,?,0.0,116-288045-0004,NeMo,4,0.16927290200010248,62,3.72
519,stt_en_citrinet_512,?,0.0,116-288045-0004,NeMo,5,0.1665650589998222,62,3.72
520,stt_en_citrinet_512,?,0.0,116-288045-0005,NeMo,1,0.20529365099991992,52,4.995
521,stt_en_citrinet_512,?,0.0,116-288045-0005,NeMo,2,0.18825132100005249,52,4.995
522,stt_en_citrinet_512,?,0.0,116-288045-0005,NeMo,3,0.21505162499988728,52,4.995
523,stt_en_citrinet_512,?,0.0,116-288045-0005,NeMo,4,0.19942194100008237,52,4.995
524,stt_en_citrinet_512,?,0.0,116-288045-0005,NeMo,5,0.21143142500000067,52,4.995
525,stt_en_citrinet_512,?,0.0,116-288045-0006,NeMo,1,0.19513315600011083,38,3.525
526,stt_en_citrinet_512,?,0.0,116-288045-0006,NeMo,2,0.2166162890000578,38,3.525
527,stt_en_citrinet_512,?,0.0,116-288045-0006,NeMo,3,0.2473509000001286,38,3.525
528,stt_en_citrinet_512,?,0.0,116-288045-0006,NeMo,4,0.2496054450000429,38,3.525
529,stt_en_citrinet_512,?,0.0,116-288045-0006,NeMo,5,0.2128864380001687,38,3.525
530,stt_en_citrinet_512,?,0.42857142857142855,116-288045-0007,NeMo,1,0.1803707320000285,40,2.67
531,stt_en_citrinet_512,?,0.42857142857142855,116-288045-0007,NeMo,2,0.1527209450000555,40,2.67
532,stt_en_citrinet_512,?,0.42857142857142855,116-288045-0007,NeMo,3,0.16016308000007484,40,2.67
533,stt_en_citrinet_512,?,0.42857142857142855,116-288045-0007,NeMo,4,0.15195947300003354,40,2.67
534,stt_en_citrinet_512,?,0.42857142857142855,116-288045-0007,NeMo,5,0.15925760800018907,40,2.67
535,stt_en_citrinet_512,?,0.14285714285714285,116-288045-0008,NeMo,1,0.3523892949999663,76,5.165
536,stt_en_citrinet_512,?,0.14285714285714285,116-288045-0008,NeMo,2,0.2542301660000703,76,5.165
537,stt_en_citrinet_512,?,0.14285714285714285,116-288045-0008,NeMo,3,0.32702381600006447,76,5.165
538,stt_en_citrinet_512,?,0.14285714285714285,116-288045-0008,NeMo,4,0.35229374999994434,76,5.165
539,stt_en_citrinet_512,?,0.14285714285714285,116-288045-0008,NeMo,5,0.265065290000166,76,5.165
540,stt_en_citrinet_512,?,0.0,116-288045-0009,NeMo,1,0.20204153999998198,25,3.07
541,stt_en_citrinet_512,?,0.0,116-288045-0009,NeMo,2,0.1700761289998809,25,3.07
542,stt_en_citrinet_512,?,0.0,116-288045-0009,NeMo,3,0.16399808799997118,25,3.07
543,stt_en_citrinet_512,?,0.0,116-288045-0009,NeMo,4,0.17273098999999092,25,3.07
544,stt_en_citrinet_512,?,0.0,116-288045-0009,NeMo,5,0.16675104599994484,25,3.07
545,stt_en_citrinet_512,?,0.3333333333333333,116-288045-0010,NeMo,1,0.1834046330000092,34,3.365
546,stt_en_citrinet_512,?,0.3333333333333333,116-288045-0010,NeMo,2,0.17844377699998404,34,3.365
547,stt_en_citrinet_512,?,0.3333333333333333,116-288045-0010,NeMo,3,0.1702816269998948,34,3.365
548,stt_en_citrinet_512,?,0.3333333333333333,116-288045-0010,NeMo,4,0.15672875899986138,34,3.365
549,stt_en_citrinet_512,?,0.3333333333333333,116-288045-0010,NeMo,5,0.15232735899985528,34,3.365
550,stt_en_citrinet_512,?,0.05,116-288045-0011,NeMo,1,0.2792890939999779,102,9.11
551,stt_en_citrinet_512,?,0.05,116-288045-0011,NeMo,2,0.2665023250001468,102,9.11
552,stt_en_citrinet_512,?,0.05,116-288045-0011,NeMo,3,0.28136576299993976,102,9.11
553,stt_en_citrinet_512,?,0.05,116-288045-0011,NeMo,4,0.2899106690001645,102,9.11
554,stt_en_citrinet_512,?,0.05,116-288045-0011,NeMo,5,0.2694502869999269,102,9.11
555,stt_en_citrinet_512,?,0.0,116-288045-0012,NeMo,1,0.19858683899997231,57,4.895
556,stt_en_citrinet_512,?,0.0,116-288045-0012,NeMo,2,0.18485067400001753,57,4.895
557,stt_en_citrinet_512,?,0.0,116-288045-0012,NeMo,3,0.18379633600011402,57,4.895
558,stt_en_citrinet_512,?,0.0,116-288045-0012,NeMo,4,0.18288139599985698,57,4.895
559,stt_en_citrinet_512,?,0.0,116-288045-0012,NeMo,5,0.21137885600001027,57,4.895
560,stt_en_citrinet_512,?,0.0,116-288045-0013,NeMo,1,0.20151030100009848,68,4.895
561,stt_en_citrinet_512,?,0.0,116-288045-0013,NeMo,2,0.18378991200006567,68,4.895
562,stt_en_citrinet_512,?,0.0,116-288045-0013,NeMo,3,0.18488333000004786,68,4.895
563,stt_en_citrinet_512,?,0.0,116-288045-0013,NeMo,4,0.1833418779999647,68,4.895
564,stt_en_citrinet_512,?,0.0,116-288045-0013,NeMo,5,0.18278496500010988,68,4.895
565,stt_en_citrinet_512,?,0.0,116-288045-0014,NeMo,1,0.1243972129998383,12,1.36
566,stt_en_citrinet_512,?,0.0,116-288045-0014,NeMo,2,0.11590833399986877,12,1.36
567,stt_en_citrinet_512,?,0.0,116-288045-0014,NeMo,3,0.1166918619999251,12,1.36
568,stt_en_citrinet_512,?,0.0,116-288045-0014,NeMo,4,0.12200734999987617,12,1.36
569,stt_en_citrinet_512,?,0.0,116-288045-0014,NeMo,5,0.13617848399985633,12,1.36
570,stt_en_citrinet_512,?,0.0,116-288045-0015,NeMo,1,0.1828758659999039,37,3.01
571,stt_en_citrinet_512,?,0.0,116-288045-0015,NeMo,2,0.1616269989999637,37,3.01
572,stt_en_citrinet_512,?,0.0,116-288045-0015,NeMo,3,0.15388454300000376,37,3.01
573,stt_en_citrinet_512,?,0.0,116-288045-0015,NeMo,4,0.15902637599992886,37,3.01
574,stt_en_citrinet_512,?,0.0,116-288045-0015,NeMo,5,0.1697795000000042,37,3.01
575,stt_en_citrinet_512,?,0.06060606060606061,116-288045-0016,NeMo,1,0.38351059499996154,175,11.9
576,stt_en_citrinet_512,?,0.06060606060606061,116-288045-0016,NeMo,2,0.3555544060000102,175,11.9
577,stt_en_citrinet_512,?,0.06060606060606061,116-288045-0016,NeMo,3,0.39218321699991066,175,11.9
578,stt_en_citrinet_512,?,0.06060606060606061,116-288045-0016,NeMo,4,0.3994952430000467,175,11.9
579,stt_en_citrinet_512,?,0.06060606060606061,116-288045-0016,NeMo,5,0.3858417220001229,175,11.9
580,stt_en_citrinet_512,?,0.0,116-288045-0017,NeMo,1,0.1332858270000088,19,1.825
581,stt_en_citrinet_512,?,0.0,116-288045-0017,NeMo,2,0.12754255300001205,19,1.825
582,stt_en_citrinet_512,?,0.0,116-288045-0017,NeMo,3,0.15275339200002236,19,1.825
583,stt_en_citrinet_512,?,0.0,116-288045-0017,NeMo,4,0.13082823200011262,19,1.825
584,stt_en_citrinet_512,?,0.0,116-288045-0017,NeMo,5,0.1307206369999676,19,1.825
585,stt_en_citrinet_512,?,0.0,116-288045-0018,NeMo,1,0.22589615199990476,38,4.21
586,stt_en_citrinet_512,?,0.0,116-288045-0018,NeMo,2,0.19033648999993602,38,4.21
587,stt_en_citrinet_512,?,0.0,116-288045-0018,NeMo,3,0.18603399599987824,38,4.21
588,stt_en_citrinet_512,?,0.0,116-288045-0018,NeMo,4,0.22466846099996474,38,4.21
589,stt_en_citrinet_512,?,0.0,116-288045-0018,NeMo,5,0.24445546200013268,38,4.21
590,stt_en_citrinet_512,?,0.14285714285714285,116-288045-0019,NeMo,1,0.16975005299991608,28,3.505
591,stt_en_citrinet_512,?,0.14285714285714285,116-288045-0019,NeMo,2,0.1558814859999984,28,3.505
592,stt_en_citrinet_512,?,0.14285714285714285,116-288045-0019,NeMo,3,0.1549887389999185,28,3.505
593,stt_en_citrinet_512,?,0.14285714285714285,116-288045-0019,NeMo,4,0.1623270439999942,28,3.505
594,stt_en_citrinet_512,?,0.14285714285714285,116-288045-0019,NeMo,5,0.174664489999941,28,3.505
595,stt_en_citrinet_512,?,0.0,116-288045-0020,NeMo,1,0.1847965760000534,33,2.575
596,stt_en_citrinet_512,?,0.0,116-288045-0020,NeMo,2,0.1640862819999711,33,2.575
597,stt_en_citrinet_512,?,0.0,116-288045-0020,NeMo,3,0.18349125899999308,33,2.575
598,stt_en_citrinet_512,?,0.0,116-288045-0020,NeMo,4,0.17199272099992413,33,2.575
599,stt_en_citrinet_512,?,0.0,116-288045-0020,NeMo,5,0.21290608199979033,33,2.575
600,stt_en_citrinet_512,?,0.07407407407407407,116-288045-0021,NeMo,1,0.7117438059999586,150,9.99
601,stt_en_citrinet_512,?,0.07407407407407407,116-288045-0021,NeMo,2,0.8211347159999605,150,9.99
602,stt_en_citrinet_512,?,0.07407407407407407,116-288045-0021,NeMo,3,0.5280939780000153,150,9.99
603,stt_en_citrinet_512,?,0.07407407407407407,116-288045-0021,NeMo,4,0.5200973430000886,150,9.99
604,stt_en_citrinet_512,?,0.07407407407407407,116-288045-0021,NeMo,5,0.5482217180001498,150,9.99
605,stt_en_citrinet_512,?,0.075,116-288045-0022,NeMo,1,0.7086015620000126,219,13.13
606,stt_en_citrinet_512,?,0.075,116-288045-0022,NeMo,2,0.7870502570001463,219,13.13
607,stt_en_citrinet_512,?,0.075,116-288045-0022,NeMo,3,0.6176872050000384,219,13.13
608,stt_en_citrinet_512,?,0.075,116-288045-0022,NeMo,4,0.6682810989998416,219,13.13
609,stt_en_citrinet_512,?,0.075,116-288045-0022,NeMo,5,0.7210964349999358,219,13.13
610,stt_en_citrinet_512,?,0.16666666666666666,116-288045-0023,NeMo,1,0.3504979619999631,65,4.635
611,stt_en_citrinet_512,?,0.16666666666666666,116-288045-0023,NeMo,2,0.3349670239999796,65,4.635
612,stt_en_citrinet_512,?,0.16666666666666666,116-288045-0023,NeMo,3,0.3465102059999481,65,4.635
613,stt_en_citrinet_512,?,0.16666666666666666,116-288045-0023,NeMo,4,0.2893705920000684,65,4.635
614,stt_en_citrinet_512,?,0.16666666666666666,116-288045-0023,NeMo,5,0.23853809999991427,65,4.635
615,stt_en_citrinet_512,?,0.0,116-288045-0024,NeMo,1,0.18397753899989766,44,3.4549375
616,stt_en_citrinet_512,?,0.0,116-288045-0024,NeMo,2,0.16169219199991858,44,3.4549375
617,stt_en_citrinet_512,?,0.0,116-288045-0024,NeMo,3,0.17751609299989468,44,3.4549375
618,stt_en_citrinet_512,?,0.0,116-288045-0024,NeMo,4,0.17602110600000742,44,3.4549375
619,stt_en_citrinet_512,?,0.0,116-288045-0024,NeMo,5,0.17301226099993983,44,3.4549375
620,stt_en_citrinet_512,?,0.043478260869565216,116-288045-0025,NeMo,1,0.2795251410000219,119,6.4050625
621,stt_en_citrinet_512,?,0.043478260869565216,116-288045-0025,NeMo,2,0.23279711400005,119,6.4050625
622,stt_en_citrinet_512,?,0.043478260869565216,116-288045-0025,NeMo,3,0.23479415099996004,119,6.4050625
623,stt_en_citrinet_512,?,0.043478260869565216,116-288045-0025,NeMo,4,0.24416143899998133,119,6.4050625
624,stt_en_citrinet_512,?,0.043478260869565216,116-288045-0025,NeMo,5,0.23257051099994897,119,6.4050625
625,stt_en_citrinet_512,?,0.0,116-288045-0026,NeMo,1,0.20017197100014528,50,3.74
626,stt_en_citrinet_512,?,0.0,116-288045-0026,NeMo,2,0.24553205200004413,50,3.74
627,stt_en_citrinet_512,?,0.0,116-288045-0026,NeMo,3,0.28225537399998757,50,3.74
628,stt_en_citrinet_512,?,0.0,116-288045-0026,NeMo,4,0.29900077800016334,50,3.74
629,stt_en_citrinet_512,?,0.0,116-288045-0026,NeMo,5,0.3244270640000195,50,3.74
630,stt_en_citrinet_512,?,0.0,116-288045-0027,NeMo,1,0.27092532100004973,33,1.975
631,stt_en_citrinet_512,?,0.0,116-288045-0027,NeMo,2,0.20751249600016308,33,1.975
632,stt_en_citrinet_512,?,0.0,116-288045-0027,NeMo,3,0.19771001300000535,33,1.975
633,stt_en_citrinet_512,?,0.0,116-288045-0027,NeMo,4,0.17004594200011525,33,1.975
634,stt_en_citrinet_512,?,0.0,116-288045-0027,NeMo,5,0.17153984399988076,33,1.975
635,stt_en_citrinet_512,?,0.0,116-288045-0028,NeMo,1,0.21569245499995304,51,3.45
636,stt_en_citrinet_512,?,0.0,116-288045-0028,NeMo,2,0.1942877829999361,51,3.45
637,stt_en_citrinet_512,?,0.0,116-288045-0028,NeMo,3,0.16615579000017533,51,3.45
638,stt_en_citrinet_512,?,0.0,116-288045-0028,NeMo,4,0.17105999999989763,51,3.45
639,stt_en_citrinet_512,?,0.0,116-288045-0028,NeMo,5,0.19979929899977833,51,3.45
640,stt_en_citrinet_512,?,0.09523809523809523,116-288045-0029,NeMo,1,0.5574969369999963,213,13.73
641,stt_en_citrinet_512,?,0.09523809523809523,116-288045-0029,NeMo,2,0.5427379659997769,213,13.73
642,stt_en_citrinet_512,?,0.09523809523809523,116-288045-0029,NeMo,3,0.46175169499997537,213,13.73
643,stt_en_citrinet_512,?,0.09523809523809523,116-288045-0029,NeMo,4,0.4302188690001003,213,13.73
644,stt_en_citrinet_512,?,0.09523809523809523,116-288045-0029,NeMo,5,0.4475431400001071,213,13.73
645,stt_en_citrinet_512,?,0.07692307692307693,116-288045-0030,NeMo,1,0.2174208550000003,74,4.805
646,stt_en_citrinet_512,?,0.07692307692307693,116-288045-0030,NeMo,2,0.21620108000001892,74,4.805
647,stt_en_citrinet_512,?,0.07692307692307693,116-288045-0030,NeMo,3,0.2085596980000446,74,4.805
648,stt_en_citrinet_512,?,0.07692307692307693,116-288045-0030,NeMo,4,0.2311941380000917,74,4.805
649,stt_en_citrinet_512,?,0.07692307692307693,116-288045-0030,NeMo,5,0.28612055299981876,74,4.805
650,stt_en_citrinet_512,?,0.0,116-288045-0031,NeMo,1,0.3421392590000778,90,7.35
651,stt_en_citrinet_512,?,0.0,116-288045-0031,NeMo,2,0.2716058979999616,90,7.35
652,stt_en_citrinet_512,?,0.0,116-288045-0031,NeMo,3,0.3397570709998945,90,7.35
653,stt_en_citrinet_512,?,0.0,116-288045-0031,NeMo,4,0.3209579259998918,90,7.35
654,stt_en_citrinet_512,?,0.0,116-288045-0031,NeMo,5,0.2843694319999486,90,7.35
655,stt_en_citrinet_512,?,0.09090909090909091,116-288045-0032,NeMo,1,0.26858827199998814,94,6.75
656,stt_en_citrinet_512,?,0.09090909090909091,116-288045-0032,NeMo,2,0.23391607299981843,94,6.75
657,stt_en_citrinet_512,?,0.09090909090909091,116-288045-0032,NeMo,3,0.22742833899997095,94,6.75
658,stt_en_citrinet_512,?,0.09090909090909091,116-288045-0032,NeMo,4,0.2229909550001139,94,6.75
659,stt_en_citrinet_512,?,0.09090909090909091,116-288045-0032,NeMo,5,0.25047747000007803,94,6.75
